mutation,ddg
N37L,1.43
T16I,1.34
T16L,1.08
T18I,0.76
V21P,0.5
D47A,0.49
T25E,0.48
V29F,0.41
E15V,0.38
T18L,0.33
T25A,0.22
T53Y,0.06
T53I,-0.11
T44S,-0.2
K10P,-0.2
T53F,-0.26
A23P,-0.3
A24V,-0.33
T53V,-0.35
T16A,-0.38
A24T,-0.38
T53M,-0.42
T53W,-0.44
T53S,-0.45
T18A,-0.46
E15A,-0.47
A24S,-0.48
A24P,-0.5
T44E,-0.52
V29K,-0.53
A24R,-0.55
T53C,-0.58
T11A,-0.6
T44V,-0.66
T44F,-0.67
V29A,-0.7
A48P,-0.7
T49A,-0.72
T44Y,-0.72
T44C,-0.75
T53L,-0.75
I6R,-0.76
T44Q,-0.79
T53R,-0.81
T44I,-0.81
T44A,-0.83
T44H,-0.84
T44M,-0.85
T53K,-0.92
T53Q,-0.93
T44D,-0.93
Q32G,-1
T44W,-1
T53N,-1.01
T53H,-1.06
T44L,-1.07
T44N,-1.07
T53E,-1.11
I6L,-1.16
T44K,-1.23
T44R,-1.26
D22G,-1.4
F30L,-1.42
T53A,-1.46
I6N,-1.53
I6T,-1.6
Y3L,-1.62
T44G,-1.68
D46A,-1.74
D22A,-1.75
L7A,-1.85
T51A,-1.87
I6A,-2.09
T53D,-2.13
A20G,-2.39
G9P,-2.4
T53G,-2.44
A34G,-2.48
T25P,-2.8
V54A,-2.93
A26G,-2.96
Y45L,-3.34
